Date,open,high,low,close,volume,daily_return,volatility,ma_50,ma_200,open_outlier,high_outlier,low_outlier,close_outlier,price_consistency
1/3/2022,605.61,609.99,590.56,597.37,3068808,-0.84,1.37,640.6854,565.25275,FALSE,FALSE,FALSE,FALSE,TRUE
1/4/2022,599.91,600.41,581.6,591.15,4393135,-1.04,1.32,639.2128,565.59295,FALSE,FALSE,FALSE,FALSE,TRUE
1/5/2022,592,592.84,566.88,567.52,4148749,-4,1.46,637.13,565.7551,FALSE,FALSE,FALSE,FALSE,TRUE
1/6/2022,554.34,563.36,542.01,553.29,5711795,-2.51,1.52,634.8254,565.9175,FALSE,FALSE,FALSE,FALSE,TRUE
1/7/2022,549.46,553.43,538.22,541.06,3382873,-2.21,1.48,632.3882,566.1085,FALSE,FALSE,FALSE,FALSE,TRUE
1/10/2022,538.49,543.69,526.32,539.85,4486145,-0.22,1.48,629.7042,566.2675,FALSE,FALSE,FALSE,FALSE,TRUE
1/11/2022,536.99,543.91,530.07,540.84,3063783,0.18,1.48,626.7148,566.40195,FALSE,FALSE,FALSE,FALSE,TRUE
1/12/2022,544.27,544.27,532.02,537.22,3787372,-0.67,1.47,623.8358,566.5211,FALSE,FALSE,FALSE,FALSE,TRUE
1/13/2022,537.06,540.79,518.26,519.2,4475063,-3.35,1.55,620.6654,566.5088,FALSE,FALSE,FALSE,FALSE,TRUE
1/14/2022,517.6,538.37,511.88,525.69,7861109,1.25,1.56,617.4134,566.44015,FALSE,FALSE,FALSE,FALSE,TRUE
1/18/2022,520.08,521.75,508.68,510.8,4772067,-2.83,1.64,614.2614,566.2908,FALSE,FALSE,FALSE,FALSE,TRUE
1/19/2022,515,523.21,510.51,515.86,4226987,0.99,1.63,611.6642,566.14745,FALSE,FALSE,FALSE,FALSE,TRUE
1/20/2022,517.75,526.64,506.93,508.25,12658993,-1.48,1.52,608.8002,565.95375,FALSE,FALSE,FALSE,FALSE,TRUE
1/21/2022,400.42,409.15,379.99,397.5,58904266,-21.79,4.86,603.6304,565.16835,FALSE,FALSE,FALSE,FALSE,TRUE
1/24/2022,383.91,387.26,351.46,387.15,32386782,-2.6,4.84,598.4352,564.32755,FALSE,FALSE,FALSE,FALSE,TRUE
1/25/2022,379.14,387.71,365.13,366.42,15145816,-5.35,4.87,592.612,563.39575,FALSE,FALSE,FALSE,FALSE,TRUE
1/26/2022,378.27,382.66,356.62,359.7,12683981,-1.83,4.85,586.1538,562.4256,FALSE,FALSE,FALSE,FALSE,TRUE
1/27/2022,382.06,394.8,378.1,386.7,24324747,7.51,5.32,580.3012,561.659,FALSE,FALSE,FALSE,FALSE,TRUE
1/28/2022,386.76,387,372.08,384.36,11966605,-0.61,5.3,574.2404,560.8347,FALSE,FALSE,FALSE,FALSE,TRUE
1/31/2022,401.97,427.7,398.2,427.14,20047452,11.13,6.08,568.9494,560.2377,FALSE,FALSE,FALSE,FALSE,TRUE
2/1/2022,432.96,458.48,425.54,457.13,22568099,7.02,6.37,564.4516,559.75115,FALSE,FALSE,FALSE,FALSE,TRUE
2/2/2022,448.25,451.98,426.48,429.48,14346010,-6.05,6.47,559.4652,559.1507,FALSE,FALSE,FALSE,FALSE,TRUE
2/3/2022,421.44,429.26,404.28,405.6,9905210,-5.56,6.51,554.3932,558.6342,FALSE,FALSE,FALSE,FALSE,TRUE
2/4/2022,407.31,412.77,396.64,410.17,7789798,1.13,6.53,549.5154,558.14115,FALSE,FALSE,FALSE,FALSE,TRUE
2/7/2022,410.17,412.35,393.55,402.1,8232859,-1.97,6.53,544.3916,557.6239,FALSE,FALSE,FALSE,FALSE,TRUE
2/8/2022,398.18,406.61,395.83,403.53,6818543,0.36,6.53,539.1494,557.09005,FALSE,FALSE,FALSE,FALSE,TRUE
2/9/2022,408.65,412.98,398.79,412.89,7738227,2.32,6.57,534.1304,556.62675,FALSE,FALSE,FALSE,FALSE,TRUE
2/10/2022,402.1,408,396.36,406.27,8452915,-1.6,6.57,529.4178,556.1255,FALSE,FALSE,FALSE,FALSE,TRUE
2/11/2022,405.33,411.61,387.65,391.31,7558939,-3.68,6.58,524.8886,555.53705,FALSE,FALSE,FALSE,FALSE,TRUE
2/14/2022,387.59,409.36,386.89,396.57,7202155,1.34,6.58,520.4906,554.95255,FALSE,FALSE,FALSE,FALSE,TRUE
2/15/2022,403.79,409.16,401.01,407.46,5395641,2.75,6.63,516.5972,554.4443,FALSE,FALSE,FALSE,FALSE,TRUE
2/16/2022,401.53,401.56,390.38,398.08,5277650,-2.3,6.62,512.305,553.9188,FALSE,FALSE,FALSE,FALSE,TRUE
2/17/2022,394.24,399.11,385.7,386.67,4669222,-2.87,6.63,507.5268,553.37175,FALSE,FALSE,FALSE,FALSE,TRUE
2/18/2022,392.53,402.87,389.05,391.29,6801668,1.19,4.51,502.791,552.83045,FALSE,FALSE,FALSE,FALSE,TRUE
2/22/2022,388.95,392.42,373.02,377.38,6664974,-3.55,4.55,498.1186,552.19815,FALSE,FALSE,FALSE,FALSE,TRUE
2/23/2022,382.72,386,366.66,367.46,4614290,-2.63,4.42,493.2346,551.602,FALSE,FALSE,FALSE,FALSE,TRUE
2/24/2022,355.09,390.73,354.72,390.03,7068724,6.14,4.59,488.944,551.07675,FALSE,FALSE,FALSE,FALSE,TRUE
2/25/2022,386.61,391.29,375.58,390.8,4841636,0.2,4.29,484.8002,550.60585,FALSE,FALSE,FALSE,FALSE,TRUE
2/28/2022,387.33,397.75,382.13,394.52,5035046,0.95,4.29,480.5898,550.14515,FALSE,FALSE,FALSE,FALSE,TRUE
3/1/2022,391.6,395,383.7,386.24,3290439,-2.1,3.45,476.4934,549.6095,FALSE,FALSE,FALSE,FALSE,TRUE
3/2/2022,388.93,389.22,375.21,380.03,5356809,-1.61,2.98,472.3594,549.06495,FALSE,FALSE,FALSE,FALSE,TRUE
3/3/2022,386,386.12,364.65,368.07,6076836,-3.15,2.78,467.846,548.4739,FALSE,FALSE,FALSE,FALSE,TRUE
3/4/2022,368,374.82,357.17,361.73,5329180,-1.72,2.55,462.9822,547.84405,FALSE,FALSE,FALSE,FALSE,TRUE
3/7/2022,360.41,362,350.2,350.26,5708383,-3.17,2.58,457.7026,547.087,FALSE,FALSE,FALSE,FALSE,TRUE
3/8/2022,349.8,358.86,340.67,341.76,6428655,-2.43,2.59,452.256,546.30635,FALSE,FALSE,FALSE,FALSE,TRUE
3/9/2022,357.68,364.14,350.51,358.79,6520186,4.98,2.89,447.1694,545.5858,FALSE,FALSE,FALSE,FALSE,TRUE
3/10/2022,356.2,367.02,353.3,356.77,4807767,-0.56,2.81,442.0906,544.86295,FALSE,FALSE,FALSE,FALSE,TRUE
3/11/2022,361.19,363.36,340,340.32,4819925,-4.61,2.94,436.6862,544.05275,FALSE,FALSE,FALSE,FALSE,TRUE
3/14/2022,338.72,341.32,329.82,331.01,5907817,-2.74,2.9,431.0646,543.1885,FALSE,FALSE,FALSE,FALSE,TRUE
3/15/2022,335.1,345.36,332.36,343.75,5460640,3.85,3.05,425.8908,542.3932,FALSE,FALSE,FALSE,FALSE,TRUE
3/16/2022,348.2,359.99,343.06,357.53,6982469,4.01,3.13,421.094,541.68545,FALSE,FALSE,FALSE,FALSE,TRUE
3/17/2022,359.7,373.31,354.88,371.4,5818348,3.88,3.26,416.699,541.04625,FALSE,FALSE,FALSE,FALSE,TRUE
3/18/2022,372,381.8,368.47,380.6,8252687,2.48,3.26,412.9606,540.5021,FALSE,FALSE,FALSE,FALSE,TRUE
3/21/2022,378.02,381.82,368.94,374.59,4612272,-1.58,3.26,409.3866,539.90135,FALSE,FALSE,FALSE,FALSE,TRUE
3/22/2022,371.14,386.66,366.76,382.92,4209911,2.22,3.2,406.2238,539.34265,FALSE,FALSE,FALSE,FALSE,TRUE
3/23/2022,379.77,382.46,374.49,374.49,3728954,-2.2,3.18,402.9166,538.75315,FALSE,FALSE,FALSE,FALSE,TRUE
3/24/2022,379.76,379.76,368.9,375.71,3888461,0.33,2.85,399.614,538.20265,FALSE,FALSE,FALSE,FALSE,TRUE
3/25/2022,377.07,377.64,366.43,373.85,3568441,-0.5,2.85,396.3466,537.63555,FALSE,FALSE,FALSE,FALSE,TRUE
3/28/2022,375.23,380.28,366.73,378.51,4323435,1.25,2.86,393.5328,537.08425,FALSE,FALSE,FALSE,FALSE,TRUE
3/29/2022,384.39,396.5,380.33,391.82,5880723,3.52,2.93,390.8554,536.5439,FALSE,FALSE,FALSE,FALSE,TRUE
3/30/2022,389.55,392.7,378.62,381.47,4023301,-2.64,2.98,388.2688,535.99175,FALSE,FALSE,FALSE,FALSE,TRUE
3/31/2022,383.59,384,373.61,374.59,4134720,-1.8,2.91,385.4434,535.40265,FALSE,FALSE,FALSE,FALSE,TRUE
4/1/2022,376.8,380.87,368.5,373.47,4644237,-0.3,2.88,382.7478,534.7783,FALSE,FALSE,FALSE,FALSE,TRUE
4/4/2022,373.55,396.02,373.13,391.5,7009235,4.83,2.95,382.6278,534.23195,FALSE,FALSE,FALSE,FALSE,TRUE
4/5/2022,389.3,390,377.3,380.15,4127937,-2.9,2.97,382.4878,533.6477,FALSE,FALSE,FALSE,FALSE,TRUE
4/6/2022,374.15,376.47,362.73,368.35,4354885,-3.1,2.89,382.5264,532.94535,FALSE,FALSE,FALSE,FALSE,TRUE
4/7/2022,365,368.54,353.69,362.15,4948909,-1.68,2.92,382.5754,532.1924,FALSE,FALSE,FALSE,FALSE,TRUE
4/8/2022,361.96,362.5,354.86,355.88,4025183,-1.73,2.74,381.959,531.3815,FALSE,FALSE,FALSE,FALSE,TRUE
4/11/2022,350,354.78,345.2,348,3777096,-2.21,2.71,381.2318,530.48615,FALSE,FALSE,FALSE,FALSE,TRUE
4/12/2022,355.91,359.41,342.25,344.1,3824261,-1.12,2.59,379.571,529.5415,FALSE,FALSE,FALSE,FALSE,TRUE
4/13/2022,343.92,352,341.16,350.43,3230950,1.84,2.46,377.437,528.62615,FALSE,FALSE,FALSE,FALSE,TRUE
4/14/2022,350.95,352,339.86,341.13,4343837,-2.65,2.34,375.67,527.69075,FALSE,FALSE,FALSE,FALSE,TRUE
4/18/2022,340,342.36,331.62,337.86,5105041,-0.96,2.24,374.3152,526.71235,FALSE,FALSE,FALSE,FALSE,TRUE
4/19/2022,333.22,351.68,333.22,348.61,20906885,3.18,2.37,373.084,525.7855,FALSE,FALSE,FALSE,FALSE,TRUE
4/20/2022,245.2,248.7,212.51,226.19,132644607,-35.12,8.08,369.5658,524.20825,FALSE,FALSE,FALSE,FALSE,TRUE
4/21/2022,220,227.68,211.52,218.22,53501603,-3.52,8.09,365.8596,522.61955,FALSE,FALSE,FALSE,FALSE,TRUE
4/22/2022,220.18,226.27,210.05,215.52,37515127,-1.24,8.07,361.9122,521.04335,FALSE,FALSE,FALSE,FALSE,TRUE
4/25/2022,213.81,216.66,204.51,209.91,28152045,-2.6,8.06,357.985,519.413,FALSE,FALSE,FALSE,FALSE,TRUE
4/26/2022,208.8,209.15,198.28,198.4,20064274,-5.48,8.03,354.1268,517.71845,FALSE,FALSE,FALSE,FALSE,TRUE
4/27/2022,194,200.19,187.77,188.54,22298394,-4.97,7.91,349.9662,515.95775,FALSE,FALSE,FALSE,FALSE,TRUE
4/28/2022,191.56,201.48,185.6,199.52,21363162,5.82,8.16,345.8074,514.2156,FALSE,FALSE,FALSE,FALSE,TRUE
4/29/2022,198.68,204.71,190,190.36,16391889,-4.59,8.17,341.653,512.45265,FALSE,FALSE,FALSE,FALSE,TRUE
5/2/2022,191.71,200.21,190.01,199.46,14591602,4.78,8.33,337.9088,510.7984,FALSE,FALSE,FALSE,FALSE,TRUE
5/3/2022,198.29,203.2,194.77,199.87,11839431,0.21,8.17,334.0804,509.13635,FALSE,FALSE,FALSE,FALSE,TRUE
5/4/2022,197.65,204.38,191.01,204.01,12108505,2.07,8.25,330.613,507.50115,FALSE,FALSE,FALSE,FALSE,TRUE
5/5/2022,200.45,200.71,186,188.32,13971326,-7.69,8.33,327.0302,505.8746,FALSE,FALSE,FALSE,FALSE,TRUE
5/6/2022,186.75,187.21,175.81,180.97,17185475,-3.9,8.32,322.849,504.2206,FALSE,FALSE,FALSE,FALSE,TRUE
5/9/2022,177.66,183.2,172.3,173.1,14031327,-4.35,8.32,318.495,502.50905,FALSE,FALSE,FALSE,FALSE,TRUE
5/10/2022,176.01,181.87,170.57,177.66,13883905,2.63,8.42,314.1578,500.8149,FALSE,FALSE,FALSE,FALSE,TRUE
5/11/2022,176.09,180.92,165.55,166.37,12665518,-6.35,8.45,309.7604,499.0522,FALSE,FALSE,FALSE,FALSE,TRUE
5/12/2022,163.96,177.58,162.71,174.31,17662118,4.77,8.56,305.646,497.32725,FALSE,FALSE,FALSE,FALSE,TRUE
5/13/2022,177.16,187.77,176.01,187.64,13136334,7.65,8.89,302.0374,495.6942,FALSE,FALSE,FALSE,FALSE,TRUE
5/16/2022,193.3,195.89,185.7,186.51,16145011,-0.6,8.89,298.533,494.0389,FALSE,FALSE,FALSE,FALSE,TRUE
5/17/2022,189.17,191.4,185.17,190.56,9876685,2.17,8.86,295.339,492.41595,FALSE,FALSE,FALSE,FALSE,TRUE
5/18/2022,186.72,187.7,176.27,177.19,9665632,-7.02,4.64,292.0476,490.7478,FALSE,FALSE,FALSE,FALSE,TRUE
5/19/2022,178.04,186.3,175.71,183.48,10448513,3.55,4.72,288.5414,489.07845,FALSE,FALSE,FALSE,FALSE,TRUE
5/20/2022,185.87,190.19,179.77,186.35,10429396,1.56,4.74,285.133,487.38575,FALSE,FALSE,FALSE,FALSE,TRUE
5/23/2022,186.15,187.66,177.89,187.44,9602027,0.58,4.73,282.0754,485.7202,FALSE,FALSE,FALSE,FALSE,TRUE
5/24/2022,182,184,177.17,180.34,7706372,-3.79,4.65,279.062,484.02205,FALSE,FALSE,FALSE,FALSE,TRUE
5/25/2022,180.28,188.87,180.17,187.83,8522092,4.15,4.62,275.9436,482.382,FALSE,FALSE,FALSE,FALSE,TRUE
5/26/2022,186.49,192.34,183.09,191.4,8049933,1.9,4.44,272.621,480.777,FALSE,FALSE,FALSE,FALSE,TRUE
5/27/2022,193.19,195.25,190.37,195.19,8585987,1.98,4.33,269.0968,479.19935,FALSE,FALSE,FALSE,FALSE,TRUE
5/31/2022,196.18,199.95,190.8,197.44,11398460,1.15,4.21,265.4336,477.60695,FALSE,FALSE,FALSE,FALSE,TRUE
6/1/2022,198.7,202.74,191.66,192.91,8416151,-2.29,4.24,261.8,475.9819,FALSE,FALSE,FALSE,FALSE,TRUE
6/2/2022,192.02,205.47,191.72,205.09,9623121,6.31,4.45,258.2434,474.4128,FALSE,FALSE,FALSE,FALSE,TRUE
6/3/2022,200.14,202.95,198.05,198.98,7191775,-2.98,4.13,254.7332,472.79835,FALSE,FALSE,FALSE,FALSE,TRUE
6/6/2022,202.09,203.87,195.38,197.14,5372043,-0.92,4.02,251.1618,471.0655,FALSE,FALSE,FALSE,FALSE,TRUE
6/7/2022,194.87,199.6,193,198.61,4839491,0.75,3.86,247.657,469.32415,FALSE,FALSE,FALSE,FALSE,TRUE
6/8/2022,197.95,207.38,197.64,202.83,7244121,2.12,3.85,244.1434,467.57165,FALSE,FALSE,FALSE,FALSE,TRUE
6/9/2022,200.65,201.69,192.54,192.77,6948967,-4.96,3.72,240.1624,465.76845,FALSE,FALSE,FALSE,FALSE,TRUE
6/10/2022,182.64,185.86,180.85,182.94,13074280,-5.1,3.82,236.1918,463.94525,FALSE,FALSE,FALSE,FALSE,TRUE
6/13/2022,177.07,179.09,168.96,169.69,10222407,-7.24,3.77,232.0938,462.0431,FALSE,FALSE,FALSE,FALSE,TRUE
6/14/2022,169.75,172.06,164.28,167.54,11555323,-1.27,3.77,227.9752,460.0862,FALSE,FALSE,FALSE,FALSE,TRUE
6/15/2022,169.26,183.84,168.53,180.11,12396041,7.5,4.14,223.7474,458.15585,FALSE,FALSE,FALSE,FALSE,TRUE
6/16/2022,174,176.27,171.56,173.35,8201306,-3.75,3.91,219.6114,456.17665,FALSE,FALSE,FALSE,FALSE,TRUE
6/17/2022,173.63,179.65,173.34,175.51,12133372,1.25,3.83,215.7546,454.14385,FALSE,FALSE,FALSE,FALSE,TRUE
6/21/2022,177.6,178.62,169.8,170.91,12177592,-2.62,3.85,211.9298,452.05565,FALSE,FALSE,FALSE,FALSE,TRUE
6/22/2022,170.75,182.82,170.2,178.89,12010615,4.67,4.01,208.39,449.99745,FALSE,FALSE,FALSE,FALSE,TRUE
6/23/2022,180.5,182.76,175.87,181.71,9538226,1.58,3.93,205.0642,447.87245,FALSE,FALSE,FALSE,FALSE,TRUE
6/24/2022,183.5,191.19,181.84,190.85,12423974,5.03,3.98,201.9992,445.79645,FALSE,FALSE,FALSE,FALSE,TRUE
6/27/2022,191.77,191.78,182.39,189.14,8363879,-0.9,3.97,198.7734,443.75445,FALSE,FALSE,FALSE,FALSE,TRUE
6/28/2022,189.2,192.2,179.37,179.6,7201897,-5.04,4.09,195.5428,441.65885,FALSE,FALSE,FALSE,FALSE,TRUE
6/29/2022,179.55,180.66,175.1,178.36,5766847,-0.69,4.08,192.3528,439.6042,FALSE,FALSE,FALSE,FALSE,TRUE
6/30/2022,177.07,179.45,170.3,174.87,7894710,-1.96,4.07,188.878,437.58975,FALSE,FALSE,FALSE,FALSE,TRUE
7/1/2022,176.49,180.1,174.27,179.95,5201583,2.91,3.84,187.9532,435.57515,FALSE,FALSE,FALSE,FALSE,TRUE
7/5/2022,176.28,185.92,172.68,185.88,7339023,3.3,3.89,187.3064,433.57205,FALSE,FALSE,FALSE,FALSE,TRUE
7/6/2022,185.2,186.22,180.82,184.06,5753385,-0.98,3.89,186.6772,431.5456,FALSE,FALSE,FALSE,FALSE,TRUE
7/7/2022,184.27,190.21,183.5,189.27,6334545,2.83,3.95,186.2644,429.6148,FALSE,FALSE,FALSE,FALSE,TRUE
7/8/2022,186.02,189.91,182.75,186.98,5835680,-1.21,3.91,186.0359,427.683975,FALSE,FALSE,FALSE,FALSE,TRUE
7/11/2022,184.73,184.99,176.89,177.34,6048447,-5.15,3.93,185.8119,425.617425,FALSE,FALSE,FALSE,FALSE,TRUE
7/12/2022,177.33,179.78,173.42,174.45,6845264,-1.63,3.78,185.3105,423.523375,FALSE,FALSE,FALSE,FALSE,TRUE
7/13/2022,170.5,179.18,169.7,176.56,12734421,1.21,3.4,185.0345,421.444225,FALSE,FALSE,FALSE,FALSE,TRUE
7/14/2022,175.56,177.52,171.82,174.78,9039457,-1.01,3.39,184.5409,419.354925,FALSE,FALSE,FALSE,FALSE,TRUE
7/15/2022,175.58,189.22,174.56,189.11,16319116,8.2,3.48,184.3257,417.381225,FALSE,FALSE,FALSE,FALSE,TRUE
7/18/2022,192.5,199.67,189.8,190.92,16322845,0.96,3.34,184.0639,415.340525,FALSE,FALSE,FALSE,FALSE,TRUE
7/19/2022,193.02,201.97,188.4,201.63,28178716,5.61,3.53,184.3301,413.296975,FALSE,FALSE,FALSE,FALSE,TRUE
7/20/2022,208.17,216.97,200.1,216.44,53920266,7.35,3.73,185.0395,411.313425,FALSE,FALSE,FALSE,FALSE,TRUE
7/21/2022,214.3,224.32,211.5,223.88,23430117,3.44,3.68,186.0551,409.416075,FALSE,FALSE,FALSE,FALSE,TRUE
7/22/2022,222.38,229.35,218.44,220.44,17805452,-1.54,3.72,186.9107,407.344225,FALSE,FALSE,FALSE,FALSE,TRUE
7/25/2022,221.31,225.23,216.35,218.51,10935247,-0.88,3.62,187.9535,405.241275,FALSE,FALSE,FALSE,FALSE,TRUE
7/26/2022,216.66,219.39,211.64,213.91,9508532,-2.11,3.66,188.7455,403.151575,FALSE,FALSE,FALSE,FALSE,TRUE
7/27/2022,216.48,227.78,214.58,226.75,10508385,6,3.59,189.5277,401.122025,FALSE,FALSE,FALSE,FALSE,TRUE
7/28/2022,224.6,228.1,219.67,226.02,8972738,-0.32,3.58,190.3179,399.116925,FALSE,FALSE,FALSE,FALSE,TRUE
7/29/2022,223.29,230.75,222.4,224.9,9064937,-0.5,3.52,191.0047,397.116725,FALSE,FALSE,FALSE,FALSE,TRUE
8/1/2022,223.1,228.39,221,226.21,5525044,0.58,3.51,191.9851,395.098975,FALSE,FALSE,FALSE,FALSE,TRUE
8/2/2022,222.76,228.2,220.88,221.42,6361327,-2.12,3.54,192.7439,393.037075,FALSE,FALSE,FALSE,FALSE,TRUE
8/3/2022,224.79,228.1,222.42,226.73,6400701,2.4,3.53,193.5515,391.029275,FALSE,FALSE,FALSE,FALSE,TRUE
8/4/2022,227.68,232.07,225.05,229.91,7142741,1.4,3.51,194.4009,388.988975,FALSE,FALSE,FALSE,FALSE,TRUE
8/5/2022,225.3,228.62,222.87,226.78,5539733,-1.36,3.51,195.3297,386.927875,FALSE,FALSE,FALSE,FALSE,TRUE
8/8/2022,227.49,241.96,226.41,233.49,10997409,2.96,3.22,196.2429,384.969625,FALSE,FALSE,FALSE,FALSE,TRUE
8/9/2022,231.62,232.2,224.65,229.94,6181194,-1.52,3.21,197.0137,382.853525,FALSE,FALSE,FALSE,FALSE,TRUE
8/10/2022,236.99,244.54,236.6,244.11,9254760,6.16,3.38,197.9921,380.750175,FALSE,FALSE,FALSE,FALSE,TRUE
8/11/2022,244.68,251.62,241.51,242.7,8780062,-0.58,3.36,198.8973,378.605375,FALSE,FALSE,FALSE,FALSE,TRUE
8/12/2022,244.81,249.41,243.76,249.3,6098531,2.72,3.01,200.0251,376.509275,FALSE,FALSE,FALSE,FALSE,TRUE
8/15/2022,248.11,251.99,247.51,249.11,6527391,-0.08,3.03,200.9055,374.440225,FALSE,FALSE,FALSE,FALSE,TRUE
8/16/2022,247.16,249.29,244.03,245.69,5136806,-1.37,2.91,201.8397,372.298425,FALSE,FALSE,FALSE,FALSE,TRUE
8/17/2022,241.18,244.24,237.56,241.15,5627224,-1.85,2.57,202.7199,370.052625,FALSE,FALSE,FALSE,FALSE,TRUE
8/18/2022,241.96,246.48,239.28,245.17,5280387,1.67,2.5,203.6511,367.872625,FALSE,FALSE,FALSE,FALSE,TRUE
8/19/2022,240.95,243.29,235.68,241.16,7504707,-1.64,2.5,204.4177,365.689825,FALSE,FALSE,FALSE,FALSE,TRUE
8/22/2022,232.55,233.48,224.59,226.54,8630094,-6.06,2.89,205.0931,363.381075,FALSE,FALSE,FALSE,FALSE,TRUE
8/23/2022,226.46,229.9,224.3,224.55,5276945,-0.88,2.85,205.9253,361.161825,FALSE,FALSE,FALSE,FALSE,TRUE
8/24/2022,225.66,234.1,223.94,229.61,5426316,2.25,2.56,207.1237,359.081275,FALSE,FALSE,FALSE,FALSE,TRUE
8/25/2022,230.24,234.16,229,233.98,3766867,1.9,2.59,208.4525,356.993925,FALSE,FALSE,FALSE,FALSE,TRUE
8/26/2022,233.62,236.95,223.15,223.28,5349848,-4.57,2.8,209.3159,354.830375,FALSE,FALSE,FALSE,FALSE,TRUE
8/29/2022,221.93,229.87,221.52,224.57,7096010,0.58,2.8,210.3403,352.718675,FALSE,FALSE,FALSE,FALSE,TRUE
8/30/2022,226.66,229.79,218.74,220.65,5740434,-1.75,2.79,211.2431,350.534025,FALSE,FALSE,FALSE,FALSE,TRUE
8/31/2022,227,233.88,223.43,223.56,8615906,1.32,2.75,212.2961,348.238775,FALSE,FALSE,FALSE,FALSE,TRUE
9/1/2022,220.72,230.37,219.47,230.04,7292917,2.9,2.81,213.3191,345.992325,FALSE,FALSE,FALSE,FALSE,TRUE
9/2/2022,231.03,233.88,225.04,226.11,8164883,-1.71,2.82,214.2071,343.685875,FALSE,FALSE,FALSE,FALSE,TRUE
9/6/2022,225.59,226.85,214.69,218.39,7447153,-3.41,2.83,214.7579,341.319375,FALSE,FALSE,FALSE,FALSE,TRUE
9/7/2022,220.21,229.33,218.27,228.96,8149329,4.84,3.04,215.5543,339.054075,FALSE,FALSE,FALSE,FALSE,TRUE
9/8/2022,224.16,228.74,221.3,227.44,6737436,-0.66,2.67,216.5111,336.797275,FALSE,FALSE,FALSE,FALSE,TRUE
9/9/2022,229.62,234.78,229.62,233.57,6702060,2.7,2.75,217.6153,334.669125,FALSE,FALSE,FALSE,FALSE,TRUE
9/12/2022,233.61,239.49,233.37,236.53,6047425,1.27,2.69,218.8485,332.581475,FALSE,FALSE,FALSE,FALSE,TRUE
9/13/2022,226.5,227.69,217.72,218.13,8000128,-7.78,3.18,219.6121,330.380675,FALSE,FALSE,FALSE,FALSE,TRUE
9/14/2022,219.82,228,215.8,224.12,8230340,2.75,3.26,220.3769,328.173075,FALSE,FALSE,FALSE,FALSE,TRUE
9/15/2022,230.47,242.29,229.1,235.38,19454122,5.02,3.45,221.4033,326.030775,FALSE,FALSE,FALSE,FALSE,TRUE
9/16/2022,231.22,241.36,227.83,240.13,18914177,2.02,3.46,222.4205,324.021925,FALSE,FALSE,FALSE,FALSE,TRUE
9/19/2022,245.05,245.25,235.75,243.63,17912370,1.46,3.46,223.5536,322.151225,FALSE,FALSE,FALSE,FALSE,TRUE
9/20/2022,240.37,250.49,239.66,242.85,16037431,-0.32,3.14,224.8638,320.283125,FALSE,FALSE,FALSE,FALSE,TRUE
9/21/2022,242.67,248.3,236.68,236.87,9166772,-2.46,3.2,226.1122,318.456825,FALSE,FALSE,FALSE,FALSE,TRUE
9/22/2022,235.35,240.5,231.66,237.05,9991482,0.08,3.16,227.322,316.578625,FALSE,FALSE,FALSE,FALSE,TRUE
9/23/2022,235.14,236.45,221.43,226.41,11207228,-4.49,3.3,228.3546,314.582775,FALSE,FALSE,FALSE,FALSE,TRUE
9/26/2022,225.6,232.7,223.01,224.07,8234285,-1.03,3.14,229.0538,312.562725,FALSE,FALSE,FALSE,FALSE,TRUE
9/27/2022,228.63,230.64,220.72,224.36,7762223,0.13,3.14,229.7226,310.629525,FALSE,FALSE,FALSE,FALSE,TRUE
9/28/2022,229.69,246.65,227.38,245.2,17579670,9.29,3.72,230.594,308.797225,FALSE,FALSE,FALSE,FALSE,TRUE
9/29/2022,241.61,246.98,235.68,239.71,18994943,-2.24,3.77,231.0594,306.972975,FALSE,FALSE,FALSE,FALSE,TRUE
9/30/2022,237,242.44,233.26,235.44,11848607,-1.78,3.76,231.2906,305.160225,FALSE,FALSE,FALSE,FALSE,TRUE
10/3/2022,237.85,241.54,232.85,239.04,8657443,1.53,3.74,231.6626,303.330225,FALSE,FALSE,FALSE,FALSE,TRUE
10/4/2022,244.84,245.8,233.25,240.74,13925854,0.71,3.63,232.1072,301.578625,FALSE,FALSE,FALSE,FALSE,TRUE
10/5/2022,238.76,241.59,227.38,236.73,10825633,-1.67,3.52,232.5636,299.828625,FALSE,FALSE,FALSE,FALSE,TRUE
10/6/2022,236.68,244.28,233.91,240.02,9188940,1.39,3.52,232.829,298.060025,FALSE,FALSE,FALSE,FALSE,TRUE
10/7/2022,235.77,237.33,224.28,224.75,9806128,-6.36,3.77,232.8036,296.159175,FALSE,FALSE,FALSE,FALSE,TRUE
10/10/2022,225.64,233.83,224.23,229.98,9991145,2.33,3.8,232.9052,294.237875,FALSE,FALSE,FALSE,FALSE,TRUE
10/11/2022,226.05,230.44,213.7,214.29,15282411,-6.82,3.71,232.6668,292.238875,FALSE,FALSE,FALSE,FALSE,TRUE
10/12/2022,214.3,223.67,212.64,220.87,12952643,3.07,3.72,232.6558,290.277625,FALSE,FALSE,FALSE,FALSE,TRUE
10/13/2022,212.69,234.47,211.73,232.51,17505012,5.27,3.74,232.7714,288.386625,FALSE,FALSE,FALSE,FALSE,TRUE
10/14/2022,237.8,238.8,229.51,230,15293400,-1.08,3.71,232.7732,286.483925,FALSE,FALSE,FALSE,FALSE,TRUE
10/17/2022,234.41,249.92,234.4,245.1,21057824,6.57,3.99,233.1396,284.648975,FALSE,FALSE,FALSE,FALSE,TRUE
10/18/2022,249.8,250.37,237.73,240.86,25776731,-1.73,4.01,233.287,282.841075,FALSE,FALSE,FALSE,FALSE,TRUE
10/19/2022,265,279.3,262.66,272.38,46685255,13.09,4.91,234.1358,281.216125,FALSE,FALSE,FALSE,FALSE,TRUE
10/20/2022,272.78,278.38,266.38,268.16,17207104,-1.55,4.94,234.6168,279.601175,FALSE,FALSE,FALSE,FALSE,TRUE
10/21/2022,268.95,290.75,265.68,289.57,24889055,7.98,5.03,235.5542,278.211425,FALSE,FALSE,FALSE,FALSE,TRUE
10/24/2022,290.23,290.49,280.36,282.45,13326418,-2.46,5.08,236.2172,276.857225,FALSE,FALSE,FALSE,FALSE,TRUE
10/25/2022,286.95,297.59,285.55,291.02,15100718,3.03,5.08,237.0554,275.607025,FALSE,FALSE,FALSE,FALSE,TRUE
10/26/2022,290.04,305.63,288.04,298.62,15749252,2.61,4.75,238.114,274.400875,FALSE,FALSE,FALSE,FALSE,TRUE
10/27/2022,298.33,305.21,294.78,296.94,14612586,-0.56,4.7,239.2298,273.181375,FALSE,FALSE,FALSE,FALSE,TRUE
10/28/2022,297.7,301.19,292.29,295.72,9960547,-0.41,4.66,240.2408,271.973875,FALSE,FALSE,FALSE,FALSE,TRUE
10/31/2022,295.13,297.62,289.5,291.88,7505133,-1.3,4.7,241.2552,270.837275,FALSE,FALSE,FALSE,FALSE,TRUE
11/1/2022,296.17,299.7,286.42,286.75,6916424,-1.76,4.74,242.4594,269.642575,FALSE,FALSE,FALSE,FALSE,TRUE
11/2/2022,286.4,287.33,272.84,273,10367620,-4.8,4.88,243.4284,268.453575,FALSE,FALSE,FALSE,FALSE,TRUE
11/3/2022,271.25,276.29,268.8,269.06,7057350,-1.44,4.91,244.2174,267.219575,FALSE,FALSE,FALSE,FALSE,TRUE
11/4/2022,272.02,274.97,255.32,260.79,11124694,-3.07,4.71,244.7536,265.982275,FALSE,FALSE,FALSE,FALSE,TRUE
11/7/2022,261.06,261.15,252.09,258.6,7927033,-0.84,4.71,245.46,265.287775,FALSE,FALSE,FALSE,FALSE,TRUE
11/8/2022,259.92,266.08,256.88,263.46,7683826,1.88,4.37,246.2378,264.669325,FALSE,FALSE,FALSE,FALSE,TRUE
11/9/2022,259.66,260.9,254.22,254.66,7265994,-3.34,4.45,246.918,264.110525,FALSE,FALSE,FALSE,FALSE,TRUE
11/10/2022,265.99,275.36,260.09,274.97,9667323,7.98,4.63,247.9462,263.686875,FALSE,FALSE,FALSE,FALSE,TRUE
11/11/2022,274.47,290.66,271.56,290.13,9573834,5.51,4.72,249.148,263.204025,FALSE,FALSE,FALSE,FALSE,TRUE
11/14/2022,290,311,288.19,299.27,17973398,3.15,4.57,250.6112,262.778575,FALSE,FALSE,FALSE,FALSE,TRUE
11/15/2022,309.2,312.71,302.55,310.2,14626932,3.65,4.56,252.4474,262.193875,FALSE,FALSE,FALSE,FALSE,TRUE
11/16/2022,309.94,310.49,303.61,306.02,8038556,-1.35,3.66,253.9886,261.438325,FALSE,FALSE,FALSE,FALSE,TRUE
11/17/2022,294.72,299.82,291,295.28,9838220,-3.51,3.74,255.3454,260.767325,FALSE,FALSE,FALSE,FALSE,TRUE
11/18/2022,297.33,298,287,287.98,8400108,-2.47,3.36,256.4336,260.179225,FALSE,FALSE,FALSE,FALSE,TRUE
11/21/2022,291,291.87,282.66,285.05,7256507,-1.02,3.32,257.404,259.553625,FALSE,FALSE,FALSE,FALSE,TRUE
11/22/2022,284.99,286.98,277.34,286.69,6245119,0.58,3.25,258.7752,258.976575,FALSE,FALSE,FALSE,FALSE,TRUE
11/23/2022,285.91,292.47,283.76,291.5,5918988,1.68,3.22,260.1228,258.416425,FALSE,FALSE,FALSE,FALSE,TRUE
11/25/2022,289,289.21,284.17,285.54,3235953,-2.04,3.25,261.126,257.779675,FALSE,FALSE,FALSE,FALSE,TRUE
11/28/2022,284,289.55,280.53,281.17,4707049,-1.53,3.26,261.9468,257.154175,FALSE,FALSE,FALSE,FALSE,TRUE
11/29/2022,282.5,282.96,275.94,280.96,5786874,-0.07,3.25,262.6934,256.602425,FALSE,FALSE,FALSE,FALSE,TRUE
11/30/2022,281.37,308.26,280.41,305.53,16070120,8.75,3.78,263.947,256.147225,FALSE,FALSE,FALSE,FALSE,TRUE
12/1/2022,303.99,319.8,303.03,316.95,14664866,3.74,3.65,265.5486,255.694675,FALSE,FALSE,FALSE,FALSE,TRUE
12/2/2022,310.49,321.99,310,320.41,12690602,1.09,3.61,267.2158,255.306325,FALSE,FALSE,FALSE,FALSE,TRUE
12/5/2022,316.46,322.77,310.92,312.59,8423029,-2.44,3.57,268.9394,254.935925,FALSE,FALSE,FALSE,FALSE,TRUE
12/6/2022,311,313.22,303.13,305.56,7195395,-2.25,3.62,270.5692,254.507275,FALSE,FALSE,FALSE,FALSE,TRUE
12/7/2022,306.5,309.61,302.1,308.42,7821634,0.94,3.62,272.2504,254.162475,FALSE,FALSE,FALSE,FALSE,TRUE
12/8/2022,309.11,312.38,304.81,310.26,7205326,0.6,3.48,273.5516,253.876475,FALSE,FALSE,FALSE,FALSE,TRUE
12/9/2022,321.45,329,319.52,320.01,14364032,3.14,3.12,275.1576,253.526375,FALSE,FALSE,FALSE,FALSE,TRUE
12/12/2022,320,323.18,308.85,315.18,10148614,-1.51,2.96,276.7524,253.148275,FALSE,FALSE,FALSE,FALSE,TRUE
12/13/2022,328,332.72,317.2,320.34,10756428,1.64,2.9,278.3784,252.777375,FALSE,FALSE,FALSE,FALSE,TRUE
12/14/2022,318.97,324.71,314.42,317.83,7543291,-0.78,2.81,279.9202,252.435325,FALSE,FALSE,FALSE,FALSE,TRUE
12/15/2022,302.12,303.39,286.55,290.41,17724556,-8.63,3.42,280.9938,251.987225,FALSE,FALSE,FALSE,FALSE,TRUE
12/16/2022,288.76,294.72,288.7,290.71,14080045,0.1,3.33,282.0076,251.600425,FALSE,FALSE,FALSE,FALSE,TRUE
12/19/2022,289.73,292.25,286.13,288.3,6163667,-0.83,3.29,283.2786,251.233275,FALSE,FALSE,FALSE,FALSE,TRUE
12/20/2022,281.24,289.28,280.81,288.19,6918114,-0.04,3.28,284.4428,250.922925,FALSE,FALSE,FALSE,FALSE,TRUE
12/21/2022,289.99,300.66,286.5,297.96,6376173,3.39,3.36,286.1162,250.703925,FALSE,FALSE,FALSE,FALSE,TRUE
12/22/2022,298.09,298.88,290.81,297.75,7856192,-0.07,3.34,287.6538,250.398725,FALSE,FALSE,FALSE,FALSE,TRUE
12/23/2022,296.18,298.46,291.91,294.96,4251108,-0.94,3.31,288.9029,250.0897,FALSE,FALSE,FALSE,FALSE,TRUE
12/27/2022,293.19,293.57,282.13,284.17,5778098,-3.66,3.4,289.9863,249.80895,FALSE,FALSE,FALSE,FALSE,TRUE
12/28/2022,281.92,285.19,273.41,276.88,5964369,-2.57,3.45,290.6219,249.5383,FALSE,FALSE,FALSE,FALSE,TRUE
12/29/2022,283.18,295.5,281.01,291.12,9588527,5.14,3.04,291.6271,249.27515,FALSE,FALSE,FALSE,FALSE,TRUE
12/30/2022,285.53,295.01,283.22,294.88,7566892,1.29,2.92,292.0771,248.9619,FALSE,FALSE,FALSE,FALSE,TRUE
1/3/2023,298.06,298.39,288.7,294.95,6763964,0.02,2.91,292.6129,248.57965,FALSE,FALSE,FALSE,FALSE,TRUE
1/4/2023,298.24,311.14,295.51,309.41,9345054,4.9,3.09,293.0097,248.2237,FALSE,FALSE,FALSE,FALSE,TRUE
1/5/2023,307,314.18,304.54,309.7,8328390,0.09,3.04,293.5547,247.89925,FALSE,FALSE,FALSE,FALSE,TRUE
1/6/2023,311.57,316.77,303.69,315.55,8959839,1.89,3.07,294.0453,247.5624,FALSE,FALSE,FALSE,FALSE,TRUE
1/9/2023,316.83,321.7,313.22,315.17,6766628,-0.12,3.06,294.3763,247.2658,FALSE,FALSE,FALSE,FALSE,TRUE
1/10/2023,311.07,329.35,311.07,327.54,13072286,3.92,3.11,294.9883,247.02495,FALSE,FALSE,FALSE,FALSE,TRUE
1/11/2023,326.5,328.88,321.35,327.26,9579681,-0.09,3.09,295.6191,246.792,FALSE,FALSE,FALSE,FALSE,TRUE
1/12/2023,332.5,332.95,323.14,330.13,10856246,0.88,3.07,296.3841,246.5501,FALSE,FALSE,FALSE,FALSE,TRUE
1/13/2023,329.97,336.65,328.88,332.82,8286816,0.81,3.07,297.3055,246.2551,FALSE,FALSE,FALSE,FALSE,TRUE
1/17/2023,331.08,332.5,323.6,326.22,9246987,-1.98,2.32,298.3699,245.97885,FALSE,FALSE,FALSE,FALSE,TRUE
1/18/2023,326.75,330.08,321.25,326.33,7814115,0.03,2.32,299.5153,245.73755,FALSE,FALSE,FALSE,FALSE,TRUE
1/19/2023,322.57,324.89,313.39,315.78,18008195,-3.23,2.46,300.6151,245.4491,FALSE,FALSE,FALSE,FALSE,TRUE
1/20/2023,336.79,344,332.62,342.5,28430339,8.46,3.03,302.2931,245.2041,FALSE,FALSE,FALSE,FALSE,TRUE
1/23/2023,341.72,362.25,340.63,357.42,15646853,4.36,3.08,304.1723,245.09045,FALSE,FALSE,FALSE,FALSE,TRUE
1/24/2023,357.53,365.65,355.14,363.83,11796528,1.79,3.07,306.3557,245.06785,FALSE,FALSE,FALSE,FALSE,TRUE
1/25/2023,360.57,368.9,358.5,367.96,7766907,1.14,3.04,308.2155,245.0969,FALSE,FALSE,FALSE,FALSE,TRUE
1/26/2023,368.77,369.02,361.7,364.87,8256844,-0.84,2.86,309.7103,245.14185,FALSE,FALSE,FALSE,FALSE,TRUE
1/27/2023,363.2,365.92,360.59,360.77,6703548,-1.12,2.78,310.9403,245.2057,FALSE,FALSE,FALSE,FALSE,TRUE
1/30/2023,358.44,360.95,352.86,353.11,5127593,-2.12,2.73,311.7985,245.25075,FALSE,FALSE,FALSE,FALSE,TRUE
1/31/2023,349.98,355.95,348.71,353.86,5660738,0.21,2.74,312.7553,245.2679,FALSE,FALSE,FALSE,FALSE,TRUE
2/1/2023,353.86,365.38,349.91,361.99,8005170,2.3,2.74,314.0895,245.3722,FALSE,FALSE,FALSE,FALSE,TRUE
2/2/2023,365.16,368.32,358.43,366.89,7856952,1.35,2.59,315.6677,245.51735,FALSE,FALSE,FALSE,FALSE,TRUE
2/3/2023,359.08,379.43,359,365.9,9402034,-0.27,2.6,317.2847,245.6038,FALSE,FALSE,FALSE,FALSE,TRUE
2/6/2023,363.64,368.45,360.68,361.48,4994942,-1.21,2.63,318.7805,246.28025,FALSE,FALSE,FALSE,FALSE,TRUE
2/7/2023,358.51,364.18,354.18,362.95,6289368,0.41,2.62,320.2095,247.0039,FALSE,FALSE,FALSE,FALSE,TRUE
2/8/2023,360.02,368.19,358.31,366.83,6253179,1.07,2.52,321.8353,247.76045,FALSE,FALSE,FALSE,FALSE,TRUE
2/9/2023,372.41,373.83,361.74,362.5,6901100,-1.18,2.54,323.4619,248.5234,FALSE,FALSE,FALSE,FALSE,TRUE
2/10/2023,359.16,362.14,347.14,347.36,7291096,-4.18,2.75,324.7899,249.2682,FALSE,FALSE,FALSE,FALSE,TRUE
2/13/2023,349.5,359.7,344.25,358.57,7134445,3.23,2.83,325.8507,250.11835,FALSE,FALSE,FALSE,FALSE,TRUE
2/14/2023,357.55,363.75,353.4,359.96,4624758,0.39,2.77,326.7109,250.92055,FALSE,FALSE,FALSE,FALSE,TRUE
2/15/2023,356.63,362.88,354.24,361.42,3969945,0.41,2.77,327.5311,251.77585,FALSE,FALSE,FALSE,FALSE,TRUE
2/16/2023,355,361.5,350.31,350.71,5215726,-2.96,2.75,328.2935,252.5321,FALSE,FALSE,FALSE,FALSE,TRUE
2/17/2023,347.9,349,342.44,347.96,5294727,-0.78,2.04,329.1415,253.27255,FALSE,FALSE,FALSE,FALSE,TRUE
2/21/2023,342.85,344.13,336.42,337.5,5710292,-3.01,1.89,329.7231,253.94,FALSE,FALSE,FALSE,FALSE,TRUE
2/22/2023,337.5,341.91,332.82,334.88,4546249,-0.78,1.82,330.2155,254.6728,FALSE,FALSE,FALSE,FALSE,TRUE
2/23/2023,331.23,331.28,314.3,323.65,13238673,-3.35,1.9,330.2883,255.3862,FALSE,FALSE,FALSE,FALSE,TRUE
2/24/2023,319.3,321.5,314.52,317.15,6830692,-2.01,1.92,330.3277,256.10645,FALSE,FALSE,FALSE,FALSE,TRUE
2/27/2023,323.87,330,322.12,323.03,6142580,1.85,2,330.3815,256.8333,FALSE,FALSE,FALSE,FALSE,TRUE
2/28/2023,323.7,327.62,321.17,322.13,3676075,-0.28,1.97,330.4675,257.6121,FALSE,FALSE,FALSE,FALSE,TRUE
3/1/2023,321.55,326.6,312.36,313.48,4911311,-2.69,2.02,330.9289,258.30795,FALSE,FALSE,FALSE,FALSE,TRUE
3/2/2023,310.96,315.57,310.38,311.88,4921053,-0.51,1.91,331.3523,258.92915,FALSE,FALSE,FALSE,FALSE,TRUE
3/3/2023,315.45,317.49,310.82,315.18,5953319,1.06,1.89,331.8899,259.5725,FALSE,FALSE,FALSE,FALSE,TRUE
3/6/2023,317,323.3,311.84,312.03,5660743,-1,1.89,332.3667,260.17985,FALSE,FALSE,FALSE,FALSE,TRUE
3/7/2023,312.68,314.3,306.62,308.47,4553082,-1.14,1.89,332.5769,260.83625,FALSE,FALSE,FALSE,FALSE,TRUE
3/8/2023,309.29,311.83,305.75,311.79,3479474,1.08,1.91,332.8577,261.4778,FALSE,FALSE,FALSE,FALSE,TRUE
3/9/2023,312.08,312.51,294.88,297.78,7443350,-4.49,2.04,332.914,262.03495,FALSE,FALSE,FALSE,FALSE,TRUE
3/10/2023,297.9,298.79,289,292.76,5759315,-1.69,2.04,333.0858,262.56155,FALSE,FALSE,FALSE,FALSE,TRUE
3/13/2023,287.34,299.24,285.33,293.51,6292385,0.26,1.92,333.4184,263.1274,FALSE,FALSE,FALSE,FALSE,TRUE
3/14/2023,295.97,297.45,290.31,294.94,5956692,0.49,1.7,333.4948,263.66295,FALSE,FALSE,FALSE,FALSE,TRUE
3/15/2023,292.51,306.31,292.28,303.79,9215340,3,1.9,333.673,264.2249,FALSE,FALSE,FALSE,FALSE,TRUE
3/16/2023,304.75,316.6,301.71,310.06,7912371,2.06,1.99,333.9752,264.79925,FALSE,FALSE,FALSE,FALSE,TRUE
3/17/2023,310.06,310.76,300,303.5,6918777,-2.12,1.95,333.857,265.32955,FALSE,FALSE,FALSE,FALSE,TRUE
3/20/2023,299.79,307.5,296,305.13,5113430,0.54,1.97,333.7656,265.89065,FALSE,FALSE,FALSE,FALSE,TRUE
3/21/2023,306.32,307.92,300.43,305.79,4886279,0.22,1.9,333.5704,266.39415,FALSE,FALSE,FALSE,FALSE,TRUE
3/22/2023,306.31,306.45,293.54,293.9,5808035,-3.89,2.04,333.145,266.86875,FALSE,FALSE,FALSE,FALSE,TRUE
3/23/2023,304.68,322.78,304.14,320.37,15653347,9.01,2.88,333.0016,267.4849,FALSE,FALSE,FALSE,FALSE,TRUE
3/24/2023,320.63,331.83,320.63,328.39,13004085,2.5,2.89,333.0242,268.1338,FALSE,FALSE,FALSE,FALSE,TRUE
3/27/2023,327.55,336.44,324.41,327.66,8625763,-0.22,2.86,332.9748,268.75795,FALSE,FALSE,FALSE,FALSE,TRUE
3/28/2023,326.06,333.32,321.28,323.52,6489388,-1.26,2.88,332.7888,269.4117,FALSE,FALSE,FALSE,FALSE,TRUE
3/29/2023,326.29,332.85,325.73,332.03,6287336,2.63,2.86,332.905,270.15715,FALSE,FALSE,FALSE,FALSE,TRUE
3/30/2023,340.27,343.29,335.3,338.43,7131468,1.93,2.87,333.147,271.00085,FALSE,FALSE,FALSE,FALSE,TRUE
3/31/2023,340.05,345.84,337.2,345.48,5610161,2.08,2.89,333.741,271.89055,FALSE,FALSE,FALSE,FALSE,TRUE
4/3/2023,341.83,348.58,340.4,348.28,4413650,0.81,2.87,333.8566,272.7314,FALSE,FALSE,FALSE,FALSE,TRUE
4/4/2023,348.49,349.8,343.95,346.75,3298072,-0.44,2.85,333.6432,273.5984,FALSE,FALSE,FALSE,FALSE,TRUE
4/5/2023,345.3,345.43,336.25,342.35,4205545,-1.27,2.88,333.2136,274.4326,FALSE,FALSE,FALSE,FALSE,TRUE
4/6/2023,339.34,340.48,332.63,339.33,4660542,-0.88,2.66,332.641,275.2747,FALSE,FALSE,FALSE,FALSE,TRUE
4/10/2023,335.27,339.88,333.36,338.99,2657898,-0.1,2.61,332.1234,276.0752,FALSE,FALSE,FALSE,FALSE,TRUE
4/11/2023,343.45,347.14,337.64,338.21,4044778,-0.23,2.61,331.6722,276.8577,FALSE,FALSE,FALSE,FALSE,TRUE
4/12/2023,340.81,342.8,330.04,331.03,3965440,-2.12,2.69,331.2306,277.5586,FALSE,FALSE,FALSE,FALSE,TRUE
4/13/2023,339.99,346.43,338.75,346.19,7406437,4.58,2.79,331.0772,278.34385,FALSE,FALSE,FALSE,FALSE,TRUE
4/14/2023,342.94,344.85,336.41,338.63,5350508,-2.18,2.84,330.61,279.139,FALSE,FALSE,FALSE,FALSE,TRUE
4/17/2023,338,338.39,327.5,332.72,6104222,-1.75,2.82,329.9266,279.9108,FALSE,FALSE,FALSE,FALSE,TRUE
4/18/2023,335,337.19,330.5,333.7,17944496,0.29,2.82,329.2826,280.70495,FALSE,FALSE,FALSE,FALSE,TRUE
4/19/2023,324.21,325.75,316.1,323.12,22128267,-3.17,2.94,328.5154,281.4208,FALSE,FALSE,FALSE,FALSE,TRUE
4/20/2023,320.39,331.43,318.33,325.35,9947800,0.69,2.77,327.7634,282.11815,FALSE,FALSE,FALSE,FALSE,TRUE
4/21/2023,323,328.29,319.5,327.98,6348000,0.81,1.92,326.9864,282.83775,FALSE,FALSE,FALSE,FALSE,TRUE
4/24/2023,330.2,334.66,326.75,329.02,5586627,0.32,1.84,326.3168,283.5365,FALSE,FALSE,FALSE,FALSE,TRUE
4/25/2023,328.5,328.66,321.1,322.55,5426642,-1.97,1.9,325.8206,284.214375,FALSE,FALSE,FALSE,FALSE,TRUE
4/26/2023,321.36,325.9,320.47,321.15,4613351,-0.43,1.88,325.0722,284.933425,FALSE,FALSE,FALSE,FALSE,TRUE
4/27/2023,324.3,327.45,317.44,325.85,5618768,1.46,1.81,324.39,285.690425,FALSE,FALSE,FALSE,FALSE,TRUE
4/28/2023,325.24,330.81,324,329.93,4228374,1.25,1.77,323.7602,286.457275,FALSE,FALSE,FALSE,FALSE,TRUE
5/1/2023,329.44,331.23,318.09,324.12,5341484,-1.76,1.73,323.2284,287.203975,FALSE,FALSE,FALSE,FALSE,TRUE
5/2/2023,325,326.07,315.62,317.55,4318612,-2.03,1.75,322.6202,287.846175,FALSE,FALSE,FALSE,FALSE,TRUE
5/3/2023,317.55,324.62,315.85,319.3,5064057,0.55,1.77,322.2562,288.488075,FALSE,FALSE,FALSE,FALSE,TRUE
5/4/2023,319.01,323.61,317.95,320.78,3879657,0.46,1.76,321.9742,289.083825,FALSE,FALSE,FALSE,FALSE,TRUE
5/5/2023,323.61,324.15,319.44,322.76,3990637,0.62,1.77,321.9564,289.615425,FALSE,FALSE,FALSE,FALSE,TRUE
5/8/2023,322.99,332.56,322.03,331.21,5488593,2.62,1.88,322.2376,290.152075,FALSE,FALSE,FALSE,FALSE,TRUE
5/9/2023,330.67,336.32,329.74,332.14,5544852,0.28,1.88,322.4198,290.710575,FALSE,FALSE,FALSE,FALSE,TRUE
5/10/2023,335.21,337.11,329.51,335.42,4289897,0.99,1.83,322.6856,291.295125,FALSE,FALSE,FALSE,FALSE,TRUE
5/11/2023,334.98,345.47,331.84,344.76,8033531,2.78,1.63,323.3112,291.949375,FALSE,FALSE,FALSE,FALSE,TRUE
5/12/2023,344.76,348.17,337.36,339.89,6082360,-1.41,1.59,323.8714,292.515075,FALSE,FALSE,FALSE,FALSE,TRUE
5/15/2023,340.62,341.9,335.54,335.89,3652970,-1.18,1.56,324.2856,293.064425,FALSE,FALSE,FALSE,FALSE,TRUE
5/16/2023,334,335.17,331.91,333.75,3334863,-0.64,1.57,324.72,293.608675,FALSE,FALSE,FALSE,FALSE,TRUE
5/17/2023,331.76,341.38,329.62,339.96,3958807,1.86,1.43,325.3498,294.177425,FALSE,FALSE,FALSE,FALSE,TRUE
5/18/2023,347.25,375.87,346.37,371.29,20925235,9.22,2.46,326.5398,294.926775,FALSE,FALSE,FALSE,FALSE,TRUE
5/19/2023,369.86,369.99,363.81,365.36,7859703,-1.6,2.51,327.8914,295.619925,FALSE,FALSE,FALSE,FALSE,TRUE
5/22/2023,365.36,372.01,362.5,363.01,5406420,-0.64,2.53,329.2964,296.285425,FALSE,FALSE,FALSE,FALSE,TRUE
5/23/2023,360.24,364.17,354.31,355.99,6866078,-1.93,2.52,330.546,296.931475,FALSE,FALSE,FALSE,FALSE,TRUE
5/24/2023,356.93,367.15,356.62,364.85,7973316,2.49,2.55,331.9442,297.588275,FALSE,FALSE,FALSE,FALSE,TRUE
5/25/2023,359.61,367.45,357.42,359,6263105,-1.6,2.59,333.0484,298.233575,FALSE,FALSE,FALSE,FALSE,TRUE
5/26/2023,361.1,383.76,356,378.88,9360436,5.54,2.82,334.4248,298.907425,FALSE,FALSE,FALSE,FALSE,TRUE
5/30/2023,397.48,405.11,385.79,392.98,10864990,3.72,2.83,336.2144,299.658825,FALSE,FALSE,FALSE,FALSE,TRUE
5/31/2023,391.89,396.26,388.91,395.23,6961382,0.57,2.75,338.0164,300.388475,FALSE,FALSE,FALSE,FALSE,TRUE
6/1/2023,397.41,407.52,393.08,403.13,7160145,2,2.75,339.9632,301.158575,FALSE,FALSE,FALSE,FALSE,TRUE
6/2/2023,402.89,406.58,395.9,400.47,5902381,-0.66,2.78,342.0946,301.932475,FALSE,FALSE,FALSE,FALSE,TRUE
6/5/2023,400.47,413.86,400.15,403.54,7247413,0.77,2.78,343.758,302.744425,FALSE,FALSE,FALSE,FALSE,TRUE
6/6/2023,405,405.12,396.93,399.29,4991532,-1.05,2.79,345.176,303.515025,FALSE,FALSE,FALSE,FALSE,TRUE
6/7/2023,410.43,418.95,399.23,399.77,11932392,0.12,2.8,346.6182,304.308075,FALSE,FALSE,FALSE,FALSE,TRUE
6/8/2023,399.77,409.54,396.34,409.37,5991087,2.4,2.82,348.3352,305.222225,FALSE,FALSE,FALSE,FALSE,TRUE
6/9/2023,424.5,425.9,414.76,420.02,12372827,2.6,2.81,350.095,306.199575,FALSE,FALSE,FALSE,FALSE,TRUE
6/12/2023,418.83,424.7,416.57,423.97,5967712,0.94,2.75,351.8058,307.171375,FALSE,FALSE,FALSE,FALSE,TRUE
6/13/2023,430.01,437.27,428.4,435.73,7820535,2.77,2.72,353.6108,308.180125,FALSE,FALSE,FALSE,FALSE,TRUE
6/14/2023,434.99,447.33,433.5,440.86,8413089,1.18,2.68,355.4624,309.268025,FALSE,FALSE,FALSE,FALSE,TRUE
6/15/2023,444.1,448.65,439.5,445.27,7099915,1,2.68,357.4328,310.371525,FALSE,FALSE,FALSE,FALSE,TRUE
6/16/2023,446.15,447.51,430.9,431.96,8753740,-2.99,2.14,359.225,311.428075,FALSE,FALSE,FALSE,FALSE,TRUE
6/20/2023,430.18,440,430,434.7,4762313,0.63,2.06,361.1324,312.483775,FALSE,FALSE,FALSE,FALSE,TRUE
6/21/2023,432.65,434.55,422.54,424.45,5146441,-2.36,2.16,362.8416,313.455825,FALSE,FALSE,FALSE,FALSE,TRUE
6/22/2023,422.93,424.71,418.68,422.48,4872246,-0.46,2.09,364.527,314.437675,FALSE,FALSE,FALSE,FALSE,TRUE
6/23/2023,418.59,425.82,417.73,424.02,8298600,0.36,2.06,366.3868,315.465825,FALSE,FALSE,FALSE,FALSE,TRUE
6/26/2023,422.44,430.96,414.9,415.94,4640022,-1.91,2.08,367.7818,316.400725,FALSE,FALSE,FALSE,FALSE,TRUE
6/27/2023,417.39,420.88,411.5,417.08,4818066,0.27,1.74,369.3508,317.348925,FALSE,FALSE,FALSE,FALSE,TRUE
6/28/2023,423.1,437.29,422.89,429.84,8811342,3.06,1.69,371.2932,318.330275,FALSE,FALSE,FALSE,FALSE,TRUE
6/29/2023,434.33,437.85,426.15,428.24,4932310,-0.37,1.7,373.184,319.288825,FALSE,FALSE,FALSE,FALSE,TRUE
6/30/2023,431.1,444.12,431.1,440.49,7346394,2.86,1.75,375.5314,320.400625,FALSE,FALSE,FALSE,FALSE,TRUE
7/3/2023,439.76,441.54,431.62,441.44,3733207,0.22,1.73,377.8532,321.487225,FALSE,FALSE,FALSE,FALSE,TRUE
7/5/2023,444.91,450.97,439.62,445.9,6875414,1.01,1.73,380.2116,322.539825,FALSE,FALSE,FALSE,FALSE,TRUE
7/6/2023,440,442.8,430.72,438.84,4944892,-1.58,1.76,382.408,323.533375,FALSE,FALSE,FALSE,FALSE,TRUE
7/7/2023,438.6,442.32,435.84,438.1,4165144,-0.17,1.77,384.719,324.505725,FALSE,FALSE,FALSE,FALSE,TRUE
7/10/2023,438.52,444.41,436.82,441.71,4251737,0.82,1.71,387.1302,325.500025,FALSE,FALSE,FALSE,FALSE,TRUE
7/11/2023,438.65,440.8,431.04,440.21,4574559,-0.34,1.63,389.4174,326.516725,FALSE,FALSE,FALSE,FALSE,TRUE
7/12/2023,444.55,445.41,437.75,444.05,5731657,0.87,1.63,391.6998,327.551725,FALSE,FALSE,FALSE,FALSE,TRUE
7/13/2023,447,451.67,441.18,450.38,6157475,1.43,1.55,394.225,328.671575,FALSE,FALSE,FALSE,FALSE,TRUE
7/14/2023,452.78,456.48,439.7,441.91,7195860,-1.88,1.6,396.7122,329.760775,FALSE,FALSE,FALSE,FALSE,TRUE
7/17/2023,445.57,456.68,445.11,450.05,6901141,1.84,1.63,399.3272,330.889225,FALSE,FALSE,FALSE,FALSE,TRUE
7/18/2023,451,478.15,448.78,474.8,13196877,5.5,1.88,402.4076,332.037225,FALSE,FALSE,FALSE,FALSE,TRUE
7/19/2023,476.86,485,470,477.59,20996481,0.59,1.88,405.5042,333.226625,FALSE,FALSE,FALSE,FALSE,TRUE
7/20/2023,447,448.5,432,437.42,23989711,-8.41,2.68,407.6284,334.236525,FALSE,FALSE,FALSE,FALSE,TRUE
7/21/2023,437.37,438.24,423.19,427.5,17340028,-2.27,2.73,409.5356,335.178825,FALSE,FALSE,FALSE,FALSE,TRUE
7/24/2023,425,428.64,419.19,428.37,8282434,0.2,2.73,411.3946,336.116975,FALSE,FALSE,FALSE,FALSE,TRUE
7/25/2023,427.18,430.88,426.13,427.7,4859843,-0.16,2.69,413.0534,337.071825,FALSE,FALSE,FALSE,FALSE,TRUE
7/26/2023,424.2,425.26,415.59,422.67,6009242,-1.18,2.71,414.709,337.985075,FALSE,FALSE,FALSE,FALSE,TRUE
7/27/2023,426.9,427.52,411.88,413.17,6594466,-2.25,2.66,416.2546,338.927175,FALSE,FALSE,FALSE,FALSE,TRUE
7/28/2023,415.56,427.47,413.76,425.78,6428073,3.05,2.76,418.0952,339.906175,FALSE,FALSE,FALSE,FALSE,TRUE
7/31/2023,426.51,439.13,426.3,438.97,6587619,3.1,2.77,420.0754,341.029575,FALSE,FALSE,FALSE,FALSE,TRUE
8/1/2023,437.37,445.25,431.4,438.62,5725544,-0.08,2.77,421.422,342.118325,FALSE,FALSE,FALSE,FALSE,TRUE
8/2/2023,435.23,435.56,426.56,429.7,4921781,-2.03,2.8,422.7088,343.104275,FALSE,FALSE,FALSE,FALSE,TRUE
8/3/2023,427.8,441.93,427.19,431,6259309,0.3,2.78,424.0686,344.109275,FALSE,FALSE,FALSE,FALSE,TRUE
8/4/2023,433.06,436.5,426.27,431.6,5441811,0.14,2.78,425.5808,345.041775,FALSE,FALSE,FALSE,FALSE,TRUE
8/7/2023,436.46,441.11,428.91,440.76,4781303,2.12,2.81,427.099,346.041275,FALSE,FALSE,FALSE,FALSE,TRUE
8/8/2023,440.36,443.57,435.1,438.3,3767195,-0.56,2.82,428.685,346.870875,FALSE,FALSE,FALSE,FALSE,TRUE
8/9/2023,439.74,440.62,427.59,428.9,3846639,-2.14,2.85,429.6854,347.674575,FALSE,FALSE,FALSE,FALSE,TRUE
8/10/2023,431.12,438.12,428.69,429.98,5467607,0.25,2.83,430.4254,348.376625,FALSE,FALSE,FALSE,FALSE,TRUE
8/11/2023,428.98,430.63,421.33,421.66,3927914,-1.93,2.83,430.954,349.072675,FALSE,FALSE,FALSE,FALSE,TRUE
8/14/2023,421.99,428.84,418.78,427.78,3965963,1.45,2.81,431.447,349.756475,FALSE,FALSE,FALSE,FALSE,TRUE
8/15/2023,424.41,429.12,421.04,423.7,3367998,-0.95,2.47,431.9116,350.381875,FALSE,FALSE,FALSE,FALSE,TRUE
8/16/2023,423.73,424.51,415.25,415.45,3967021,-1.95,2.48,432.1498,350.974425,FALSE,FALSE,FALSE,FALSE,TRUE
8/17/2023,415,415.24,401.58,403,6031469,-3,1.79,432.224,351.510825,FALSE,FALSE,FALSE,FALSE,TRUE
8/18/2023,399.33,406.52,398.15,404.53,4312196,0.38,1.74,432.3192,352.074075,FALSE,FALSE,FALSE,FALSE,TRUE
8/21/2023,402.23,409.61,399.5,408.29,3861579,0.93,1.76,432.2976,352.681775,FALSE,FALSE,FALSE,FALSE,TRUE
8/22/2023,409,415.74,407.4,413.17,3603273,1.2,1.79,432.1606,353.382625,FALSE,FALSE,FALSE,FALSE,TRUE
8/23/2023,418.4,437.02,417.71,427.55,8174732,3.48,1.94,432.2322,354.175075,FALSE,FALSE,FALSE,FALSE,TRUE
8/24/2023,425.41,427.59,406.16,406.93,5687799,-4.82,2.18,431.6562,354.905775,FALSE,FALSE,FALSE,FALSE,TRUE
8/25/2023,412,419.25,407.56,416.03,5390933,2.24,2.12,431.1596,355.692925,FALSE,FALSE,FALSE,FALSE,TRUE
8/28/2023,418.04,419.83,413.27,418.06,2928613,0.49,1.99,430.6154,356.465925,FALSE,FALSE,FALSE,FALSE,TRUE
8/29/2023,416,432.17,414.5,429.99,4486703,2.85,2.11,430.576,357.342575,FALSE,FALSE,FALSE,FALSE,TRUE
8/30/2023,430.85,438.16,428.35,434.67,3625380,1.09,2.07,430.5754,358.141075,FALSE,FALSE,FALSE,FALSE,TRUE
8/31/2023,431.23,437.15,431.23,433.68,3802954,-0.23,2.07,430.76,358.858825,FALSE,FALSE,FALSE,FALSE,TRUE
9/1/2023,437.72,445.5,435.93,439.88,4793379,1.43,2.09,431.108,359.561875,FALSE,FALSE,FALSE,FALSE,TRUE
9/5/2023,438.39,453.45,438,448.68,6155865,2,2.09,431.6012,360.254275,FALSE,FALSE,FALSE,FALSE,TRUE
9/6/2023,448.61,451.39,440.49,445.76,3862274,-0.65,2.09,432.1976,360.952975,FALSE,FALSE,FALSE,FALSE,TRUE
9/7/2023,441.15,444.6,436.7,443.14,2922676,-0.59,2.03,432.7188,361.692275,FALSE,FALSE,FALSE,FALSE,TRUE
9/8/2023,443.56,446.81,438.85,442.8,2704353,-0.08,2.03,432.978,362.466375,FALSE,FALSE,FALSE,FALSE,TRUE
9/11/2023,443.07,449.89,442.75,445.36,2913767,0.58,1.97,433.3204,363.267925,FALSE,FALSE,FALSE,FALSE,TRUE
9/12/2023,442.85,445.44,434.12,434.69,3124024,-2.4,2.04,433.2044,364.007925,FALSE,FALSE,FALSE,FALSE,TRUE
9/13/2023,435.5,438.4,410.69,412.24,11843027,-5.16,2.35,432.6204,364.611625,FALSE,FALSE,FALSE,FALSE,TRUE
9/14/2023,410.4,411.39,400,400.49,10709043,-2.85,2.39,431.7122,365.186375,FALSE,FALSE,FALSE,FALSE,TRUE
9/15/2023,401,404.7,395.03,396.94,9116745,-0.89,2.3,430.8742,365.765225,FALSE,FALSE,FALSE,FALSE,TRUE
9/18/2023,395.5,399.46,392.6,394.4,4704706,-0.64,2.31,430.0002,366.332425,FALSE,FALSE,FALSE,FALSE,TRUE
9/19/2023,392.84,398.23,390.24,396.2,4080054,0.46,2.3,429.09,366.785775,FALSE,FALSE,FALSE,FALSE,TRUE
9/20/2023,397.05,397.98,386.12,386.3,3866619,-2.5,2.33,428.0118,367.132525,FALSE,FALSE,FALSE,FALSE,TRUE
9/21/2023,386.5,395.9,383.42,384.15,5556388,-0.56,2.16,426.8138,367.451225,FALSE,FALSE,FALSE,FALSE,TRUE
9/22/2023,385,386.88,378.36,379.81,3699796,-1.13,1.91,425.4024,367.787325,FALSE,FALSE,FALSE,FALSE,TRUE
9/25/2023,382.9,386.62,380.81,384.8,3757278,1.31,1.86,424.2602,368.183525,FALSE,FALSE,FALSE,FALSE,TRUE
9/26/2023,382.88,384.56,377.36,379.25,4089392,-1.44,1.86,422.8442,368.537675,FALSE,FALSE,FALSE,FALSE,TRUE
9/27/2023,382.4,384.22,376.25,377.59,3843521,-0.44,1.69,420.9,368.874325,FALSE,FALSE,FALSE,FALSE,TRUE
9/28/2023,375.6,378.96,371.1,376.36,4369906,-0.33,1.64,418.8754,369.156075,FALSE,FALSE,FALSE,FALSE,TRUE
9/29/2023,380,382.58,375.35,377.6,4205298,0.33,1.65,417.679,369.468175,FALSE,FALSE,FALSE,FALSE,TRUE
10/2/2023,377.48,384.81,376.8,380.33,3102101,0.72,1.61,416.7356,369.768125,FALSE,FALSE,FALSE,FALSE,TRUE
10/3/2023,377.11,394.9,372.85,376.75,8878134,-0.94,1.48,415.7032,370.062725,FALSE,FALSE,FALSE,FALSE,TRUE
10/4/2023,376.5,380.22,373.58,376.9,4303658,0.04,1.5,414.6872,370.495175,FALSE,FALSE,FALSE,FALSE,TRUE
10/5/2023,378.01,378.6,367.24,372.59,5034773,-1.14,1.5,413.6856,370.904575,FALSE,FALSE,FALSE,FALSE,TRUE
10/6/2023,368.43,382.52,367.77,381.51,4778118,2.39,1.66,413.0524,371.370625,FALSE,FALSE,FALSE,FALSE,TRUE
10/9/2023,378.05,387.17,377.76,385.95,3299802,1.16,1.69,412.2558,371.859425,FALSE,FALSE,FALSE,FALSE,TRUE
10/10/2023,385.58,388.7,372.25,373.32,7288939,-3.27,1.74,410.9428,372.236225,FALSE,FALSE,FALSE,FALSE,TRUE
10/11/2023,372.78,377.81,365.34,365.93,9151395,-1.98,1.44,409.489,372.577125,FALSE,FALSE,FALSE,FALSE,TRUE
10/12/2023,366.48,368.83,359.05,361.2,7376086,-1.29,1.35,408.119,372.9083,FALSE,FALSE,FALSE,FALSE,TRUE
10/13/2023,355.64,358.93,352.05,355.68,6316320,-1.53,1.36,406.6126,373.26585,FALSE,FALSE,FALSE,FALSE,TRUE
10/16/2023,356.21,363.08,354.77,360.82,5128947,1.45,1.43,405.197,373.68555,FALSE,FALSE,FALSE,FALSE,TRUE
10/17/2023,361.1,362.7,353.89,355.72,5908412,-1.41,1.43,403.4962,374.00855,FALSE,FALSE,FALSE,FALSE,TRUE
10/18/2023,351,354.79,344.73,346.19,11429643,-2.68,1.45,401.654,374.2651,FALSE,FALSE,FALSE,FALSE,TRUE
10/19/2023,404.74,408.95,392.26,401.77,28074416,16.05,3.98,401.1114,374.7992,FALSE,FALSE,FALSE,FALSE,TRUE
10/20/2023,405.63,410.64,398.01,400.96,12782922,-0.2,3.97,400.531,375.25695,FALSE,FALSE,FALSE,FALSE,TRUE
10/23/2023,403.32,407.54,398.52,406.84,7390032,1.47,3.97,400.2346,375.74265,FALSE,FALSE,FALSE,FALSE,TRUE
10/24/2023,409.68,416.69,408.39,413.73,6459247,1.69,3.96,399.9536,376.23355,FALSE,FALSE,FALSE,FALSE,TRUE
10/25/2023,416.02,418.84,410.11,411.25,6299587,-0.6,3.96,399.7046,376.71395,FALSE,FALSE,FALSE,FALSE,TRUE
10/26/2023,411.42,417.31,401.54,403.54,6849702,-1.87,3.99,399.4664,377.09395,FALSE,FALSE,FALSE,FALSE,TRUE
10/27/2023,406.42,410.21,395.62,397.87,4997612,-1.41,4.01,399.3638,377.447,FALSE,FALSE,FALSE,FALSE,TRUE
10/30/2023,402.35,412.82,399.41,410.08,5317147,3.07,4.06,399.4748,377.84675,FALSE,FALSE,FALSE,FALSE,TRUE
10/31/2023,409.24,412.52,404.63,411.69,3877623,0.39,4.05,399.5428,378.2411,FALSE,FALSE,FALSE,FALSE,TRUE
11/1/2023,414.77,420.6,414.18,420.19,4806108,2.06,4.06,399.6832,378.71095,FALSE,FALSE,FALSE,FALSE,TRUE
11/2/2023,421.17,426.69,417.1,424.71,4475984,1.08,4.04,399.6264,379.20285,FALSE,FALSE,FALSE,FALSE,TRUE
11/3/2023,428.76,434.82,425.53,432.36,3667051,1.8,4.03,400.135,379.78575,FALSE,FALSE,FALSE,FALSE,TRUE
11/6/2023,434.38,435.03,429.61,434.74,3003235,0.55,4.03,400.5092,380.24695,FALSE,FALSE,FALSE,FALSE,TRUE
11/7/2023,436.18,437.64,431,434.61,3291064,-0.03,3.92,400.8402,380.6329,FALSE,FALSE,FALSE,FALSE,TRUE
11/8/2023,435,438.07,433.68,436.65,2356845,0.47,3.87,400.9734,380.997,FALSE,FALSE,FALSE,FALSE,TRUE
11/9/2023,438.03,440.38,434.35,435.15,2735507,-0.34,3.85,400.983,381.33295,FALSE,FALSE,FALSE,FALSE,TRUE
11/10/2023,437.48,447.48,435.51,447.24,4443284,2.78,3.82,401.2542,381.7448,FALSE,FALSE,FALSE,FALSE,TRUE
11/13/2023,447.25,448.43,442.6,444.62,2896143,-0.59,3.84,401.349,382.16405,FALSE,FALSE,FALSE,FALSE,TRUE
11/14/2023,448.78,454.08,445.64,448.65,4060884,0.91,3.79,401.3484,382.64175,FALSE,FALSE,FALSE,FALSE,TRUE
11/15/2023,452.81,462.75,452.45,461.94,5035283,2.96,3.7,401.672,383.18215,FALSE,FALSE,FALSE,FALSE,TRUE
11/16/2023,463,467.28,459.65,466.95,3655974,1.08,1.39,402.1482,383.70695,FALSE,FALSE,FALSE,FALSE,TRUE
11/17/2023,466.95,467.65,462.76,465.91,2800214,-0.22,1.4,402.6104,384.20205,FALSE,FALSE,FALSE,FALSE,TRUE
11/20/2023,465.4,476.76,465.4,474.47,3621095,1.84,1.41,403.1926,384.7449,FALSE,FALSE,FALSE,FALSE,TRUE
11/21/2023,472.63,477.02,471.21,474.95,2997723,0.1,1.4,403.9978,385.31225,FALSE,FALSE,FALSE,FALSE,TRUE
11/22/2023,476.8,482.7,476.56,478,2843891,0.64,1.36,405.313,385.8875,FALSE,FALSE,FALSE,FALSE,TRUE
11/24/2023,477.11,480.4,475.2,479.56,1404732,0.33,1.22,406.8944,386.45115,FALSE,FALSE,FALSE,FALSE,TRUE
11/27/2023,479.03,482,475.35,479.17,3625924,-0.08,1.12,408.539,387.0345,FALSE,FALSE,FALSE,FALSE,TRUE
11/28/2023,478.11,480.5,475.95,479,2890164,-0.04,1.02,410.231,387.6927,FALSE,FALSE,FALSE,FALSE,TRUE
11/29/2023,479,480.99,474.49,477.19,2855540,-0.38,1.05,411.8508,388.2858,FALSE,FALSE,FALSE,FALSE,TRUE
11/30/2023,475.31,478.59,470.42,473.97,4287349,-0.67,1.05,413.6042,388.85585,FALSE,FALSE,FALSE,FALSE,TRUE
12/1/2023,473.17,475.23,464.6,465.74,4341471,-1.74,1.17,415.236,389.37745,FALSE,FALSE,FALSE,FALSE,TRUE
12/4/2023,460.99,461.2,451.2,453.9,5157713,-2.54,1.3,416.7178,389.8934,FALSE,FALSE,FALSE,FALSE,TRUE
12/5/2023,450.7,456.39,449.58,455.15,3380674,0.28,1.3,418.1248,390.42935,FALSE,FALSE,FALSE,FALSE,TRUE
12/6/2023,460,460.5,445.73,446.73,4157611,-1.85,1.38,419.4744,390.9755,FALSE,FALSE,FALSE,FALSE,TRUE
12/7/2023,450.85,452.88,448.32,452,3506722,1.18,1.4,420.9626,391.5611,FALSE,FALSE,FALSE,FALSE,TRUE
12/8/2023,450.76,455.5,450.76,453.76,3458384,0.39,1.39,422.5106,392.21165,FALSE,FALSE,FALSE,FALSE,TRUE
12/11/2023,459.36,470.65,457.21,459.89,4929662,1.35,1.29,424.1564,392.92535,FALSE,FALSE,FALSE,FALSE,TRUE
12/12/2023,465.23,465.61,459.2,463,3302660,0.68,1.28,425.8098,393.6252,FALSE,FALSE,FALSE,FALSE,TRUE
12/13/2023,461.98,481.25,461.98,479.98,5820192,3.67,1.49,427.8744,394.41445,FALSE,FALSE,FALSE,FALSE,TRUE
12/14/2023,480.36,480.76,464.76,469.83,5176437,-2.11,1.46,429.733,395.1962,FALSE,FALSE,FALSE,FALSE,TRUE
12/15/2023,467.3,473,467.3,472.06,7840992,0.47,1.44,431.7224,395.9971,FALSE,FALSE,FALSE,FALSE,TRUE
12/18/2023,476.3,492.04,475.1,486.12,6410660,2.98,1.58,433.8146,396.8518,FALSE,FALSE,FALSE,FALSE,TRUE
12/19/2023,488.4,496.14,484.06,495.02,3838951,1.83,1.58,435.996,397.76675,FALSE,FALSE,FALSE,FALSE,TRUE
12/20/2023,492,500.89,488.39,489.27,4563690,-1.16,1.61,438.315,398.67075,FALSE,FALSE,FALSE,FALSE,TRUE
12/21/2023,492.66,494.4,486.77,491.61,2756225,0.48,1.61,440.8286,399.56985,FALSE,FALSE,FALSE,FALSE,TRUE
12/22/2023,494,496.02,485.45,486.76,2702672,-0.99,1.63,443.3398,400.51475,FALSE,FALSE,FALSE,FALSE,TRUE
12/26/2023,489.39,491.48,486.38,491.19,2034517,0.91,1.63,446.05,401.5069,FALSE,FALSE,FALSE,FALSE,TRUE
12/27/2023,491.24,494.02,489.25,491.79,2553830,0.12,1.63,448.6694,402.4983,FALSE,FALSE,FALSE,FALSE,TRUE
12/28/2023,492,492.89,489.07,490.51,1710492,-0.26,1.63,451.3652,403.47615,FALSE,FALSE,FALSE,FALSE,TRUE
12/29/2023,490.37,492.23,481.94,486.88,2740555,-0.74,1.63,454.179,404.3916,FALSE,FALSE,FALSE,FALSE,TRUE
